Yoiduki,                         https://y-muen.github.io/y-muen/
Policy,                          https://y-muen.github.io/y-muen/doc/policy.html
Routine,                         https://y-muen.github.io/y-muen/doc/routine.html
Investment,                      https://y-muen.github.io/y-muen/doc/investment.html
News,                            https://y-muen.github.io/y-muen/doc/news.html
Politics,                        https://y-muen.github.io/y-muen/doc/politics.html
Plants and Interior,             https://y-muen.github.io/y-muen/doc/plants.html
Cooking,                         https://y-muen.github.io/y-muen/doc/cooking.html
Drawings,                        https://y-muen.github.io/y-muen/doc/drawings.html
Communication and Mental Health, https://y-muen.github.io/y-muen/doc/communication.html
Blog,                            https://y-muen.hatenablog.com/
